date,engine,run_channel,market,niche,prompt_text,url,domain,field,check_id,rank
2026-09-03,google_serp,serp,St. Louis MO,interior painting,Who is the best interior painting company in St. Louis MO?,https://clienthub.getjobber.com/hubs/5f9e1d58-0a8b-4538-99b8-59fd53cfd589/public/requests/209497/new?rwg_token=AE37R_ggha7NyTxmWXia5DuYk8wbMWg_3cCTQNErt__H2MX2nDq6yPW6jZMIodCZhq_a4yAOZRnRzbyADBvX2whjOGwlWFtb5Q%3D%3D,clienthub.getjobber.com,organic_top_results,NB-CZ-SERP_2026-09-03_paint_saint_louis_llc,1
2026-09-03,google_serp,serp,Atlanta GA,hvac repair and replacement,Who is the best HVAC company in Atlanta to replace my air conditioner?,https://book.servicetitan.com/ckmi6t2tdahx03at8131ugnl?rwg_token=AE37R_gp-mEA3dNYkRDbooDGWjuu3F7VmkKqp6hW-O3fBdqCOtHyBojb8LVizCZ96IDeyvEivzPS6NazuNSRUydlMCoh49SIZw%3D%3D,book.servicetitan.com,organic_top_results,NB-CZ-SERP_2026-09-03_segment_hvac_atlanta,1
2026-09-03,google_serp,serp,Atlanta GA,hvac repair and replacement,Who is the best HVAC company in Atlanta to replace my air conditioner?,https://go.thryv.com/site/LOC9005F60B/online-scheduling?show_rwg_address=true&o=rwg_redirect&rwg_token=AE37R_iDuW8GwHrBBoTwirEseBpEOT5-iX1QWnPcGUhHSw97lIvliWUdeDIc0VQgGDGHgp6zb4QcuNJO1KOclpAW0J8iDydtLw%3D%3D,go.thryv.com,organic_top_results,NB-CZ-SERP_2026-09-03_segment_hvac_atlanta,2
2026-09-03,google_serp,serp,Houston TX,hvac repair and replacement,Who is the best HVAC company in Houston for AC repair?,https://book.servicetitan.com/nhjmae02rwpcxgz6z0tdhktt?rwg_token=AE37R_h1GiOrs5L06S24JqXiv7RgBboO83CWy1bZolrMTDwYe5vQkd87pmmC5ze5IyFLIwLopo0BRoNkj1zUL2nW-sJobOYvrQ%3D%3D,book.servicetitan.com,organic_top_results,NB-CZ-SERP_2026-09-03_segment_hvac_houston,1
2026-09-03,google_serp,serp,Houston TX,hvac repair and replacement,Who is the best HVAC company in Houston for AC repair?,https://book.housecallpro.com/book/All-Star-AC-Plumbing--Electrical/25086315e0864b46bdc2a1b8cbf04a21?v2=true&lead_source=google&merchant_id=afdb5c80-7591-4509-bbed-8b9f827ac597&rwg_token=AE37R_gLR0iFCpy8op6V5102Fr3yCn3N8Ps_z29z0zEtA7iEYP3GbuV1EVGeQwrBHGdo-OUCu_9-tlVGKU97L9-81C9QSnPpYA%3D%3D,book.housecallpro.com,organic_top_results,NB-CZ-SERP_2026-09-03_segment_hvac_houston,2
2026-09-03,google_serp,serp,Phoenix AZ,hvac repair and replacement,Who is the best HVAC company in Phoenix to fix my air conditioning?,https://book.servicetitan.com/vobxflt46rdrukj7gnl3tiu3?rwg_token=AE37R_hm1xfGKLa_noTWLWyLEN4qK5snd-RqyDj1a6I2gVvyVwGJEGWAk9m3zQ_FbEXzViIpU8eOy_ZmKXNIMFWk8pCQvlaQbg%3D%3D,book.servicetitan.com,organic_top_results,NB-CZ-SERP_2026-09-03_segment_hvac_phoenix,1
2026-09-03,google_serp,serp,Phoenix AZ,hvac repair and replacement,Who is the best HVAC company in Phoenix to fix my air conditioning?,https://desertdiamondhvac.com/residential/air-conditioning-repair/?utm_source=google&utm_medium=gmb&utm_campaign=phoenix&se_campaign=Google+My+Business+-+Clicked+to+Website,desertdiamondhvac.com,organic_top_results,NB-CZ-SERP_2026-09-03_segment_hvac_phoenix,2
2026-09-03,google_serp,serp,Phoenix AZ,hvac repair and replacement,Who is the best HVAC company in Phoenix to fix my air conditioning?,http://www.benefitair.com/,benefitair.com,organic_top_results,NB-CZ-SERP_2026-09-03_segment_hvac_phoenix,3
2026-09-03,google_serp,serp,Phoenix AZ,hvac repair and replacement,Who is the best HVAC company in Phoenix to fix my air conditioning?,https://book.servicetitan.com/rlsbi0nhsqofog38r0a5yjhy?rwg_token=AE37R_htzfHJKn0wrndh5lWn61OO-DvcHLpsPdB8t_DdNo6pKUco5ECZDU16xB106_bX58GF83br_vr8afi3apZRsguRuuQLQw%3D%3D,book.servicetitan.com,organic_top_results,NB-CZ-SERP_2026-09-03_segment_hvac_phoenix,4
2026-09-03,google_serp,serp,Phoenix AZ,hvac repair and replacement,Who is the best HVAC company in Phoenix to fix my air conditioning?,https://www.goettl.com/location/phoenix-arizona/?utm_source=Google&utm_medium=GBP&utm_campaign=Google.Business.Profile,goettl.com,organic_top_results,NB-CZ-SERP_2026-09-03_segment_hvac_phoenix,5
2026-09-03,google_serp,serp,Phoenix AZ,hvac repair and replacement,Who is the best HVAC company in Phoenix to fix my air conditioning?,https://www.reddit.com/r/phoenix/comments/14n02g9/ac_companies_with_great_reviews/,reddit.com,organic_top_results,NB-CZ-SERP_2026-09-03_segment_hvac_phoenix,6
2026-09-03,google_serp,serp,Phoenix AZ,hvac repair and replacement,Who is the best HVAC company in Phoenix to fix my air conditioning?,https://www.reddit.com/r/phoenix/comments/1jii6if/air_conditioning_company_recommendations/,reddit.com,organic_top_results,NB-CZ-SERP_2026-09-03_segment_hvac_phoenix,7
2026-09-03,google_serp,serp,Phoenix AZ,hvac repair and replacement,Who is the best HVAC company in Phoenix to fix my air conditioning?,https://www.reddit.com/r/hvacadvice/comments/1pykf4u/best_hvac_company_in_phoenix_az_to_go_with/,reddit.com,organic_top_results,NB-CZ-SERP_2026-09-03_segment_hvac_phoenix,8
2026-09-03,google_serp,serp,Phoenix AZ,hvac repair and replacement,Who is the best HVAC company in Phoenix to fix my air conditioning?,https://www.youtube.com/watch?v=6IDOm6vaaVg,youtube.com,organic_top_results,NB-CZ-SERP_2026-09-03_segment_hvac_phoenix,9
2026-09-03,google_serp,serp,Phoenix AZ,hvac repair and replacement,Who is the best HVAC company in Phoenix to fix my air conditioning?,https://howardair.com/,howardair.com,organic_top_results,NB-CZ-SERP_2026-09-03_segment_hvac_phoenix,10
2026-09-03,google_serp,serp,Dallas TX,personal injury attorneys,Who is the best personal injury lawyer in Dallas for a truck accident case?,https://www.mullenandmullen.com/,mullenandmullen.com,organic_top_results,NB-CZ-SERP_2026-09-03_segment_personal_injury_law_dallas,1
2026-09-03,google_serp,serp,Dallas TX,personal injury attorneys,Who is the best personal injury lawyer in Dallas for a truck accident case?,https://www.zehllaw.com/dallas-truck-18-wheeler-accident-lawyers/,zehllaw.com,organic_top_results,NB-CZ-SERP_2026-09-03_segment_personal_injury_law_dallas,2
2026-09-03,google_serp,serp,Dallas TX,personal injury attorneys,Who is the best personal injury lawyer in Dallas for a truck accident case?,https://attorneys.superlawyers.com/motor-vehicle-accidents/texas/dallas/,attorneys.superlawyers.com,organic_top_results,NB-CZ-SERP_2026-09-03_segment_personal_injury_law_dallas,3
2026-09-03,google_serp,serp,Dallas TX,personal injury attorneys,Who is the best personal injury lawyer in Dallas for a truck accident case?,https://www.lyons-simmons.com/personal-injury/motor-vehicle-accidents/truck-wrecks/,lyons-simmons.com,organic_top_results,NB-CZ-SERP_2026-09-03_segment_personal_injury_law_dallas,4
2026-09-03,google_serp,serp,Dallas TX,personal injury attorneys,Who is the best personal injury lawyer in Dallas for a truck accident case?,https://www.justia.com/lawyers/personal-injury/texas/dallas,justia.com,organic_top_results,NB-CZ-SERP_2026-09-03_segment_personal_injury_law_dallas,5
2026-09-03,google_serp,serp,Dallas TX,personal injury attorneys,Who is the best personal injury lawyer in Dallas for a truck accident case?,https://www.herrmanandherrman.com/texas-personal-injury-firm/dallas/,herrmanandherrman.com,organic_top_results,NB-CZ-SERP_2026-09-03_segment_personal_injury_law_dallas,6
2026-09-03,google_serp,serp,Dallas TX,personal injury attorneys,Who is the best personal injury lawyer in Dallas for a truck accident case?,https://www.winocourlaw.com/practice-areas/dallas-truck-accident-lawyer/,winocourlaw.com,organic_top_results,NB-CZ-SERP_2026-09-03_segment_personal_injury_law_dallas,7
2026-09-03,google_serp,serp,Dallas TX,personal injury attorneys,Who is the best personal injury lawyer in Dallas for a truck accident case?,https://www.montgomeryfirm.com/,montgomeryfirm.com,organic_top_results,NB-CZ-SERP_2026-09-03_segment_personal_injury_law_dallas,8
2026-09-03,google_serp,serp,Dallas TX,personal injury attorneys,Who is the best personal injury lawyer in Dallas for a truck accident case?,https://bencrump.com/areas-we-serve/dallas-tx/truck-accident-lawyer/,bencrump.com,organic_top_results,NB-CZ-SERP_2026-09-03_segment_personal_injury_law_dallas,9
2026-09-03,google_serp,serp,Charlotte NC,tanning salons,What is the best tanning salon in Charlotte NC?,https://www.mindbodyonline.com/explore/locations/organic-bronze-bar-southpark-nc?rwg_token=AE37R_gJvoXPWAEv3_3ZwdG-rrJusqUKKx3Y6gxG7ePsXGAhNsOTsfCyZS20BlUOsd6-aUrmhZzEP1xYsLd-nmmXZh8fhkAgyw%3D%3D,mindbodyonline.com,organic_top_results,NB-CZ-SERP_2026-09-03_segment_tanning_salons_charlotte,1
2026-09-03,google_serp,serp,Columbus OH,tanning salons,What is the best tanning salon in Columbus OH?,https://dashboard.boulevard.io/booking/businesses/90d8982d-59bc-4d2d-9212-9fa64d815c73/widget?location_wl=9e8f4150-aa79-4030-a4a4-6dcb0122b3cc&rwg_token=AE37R_gwXSDeCAw2U9yC5THIRQqISKidSj0dGQnMNEZSss1I1WTz8CmfDzRP3cFila1cweew1nSDetW9_ESQk4W8oCWbcAORdA%3D%3D,dashboard.boulevard.io,organic_top_results,NB-CZ-SERP_2026-09-03_segment_tanning_salons_columbus,1
2026-09-03,google_serp,serp,Columbus OH,tanning salons,What is the best tanning salon in Columbus OH?,https://www.vagaro.com/googlemap/U2FsdGVkX18f8f~PAyVpAGDjrI4~RhECWW2pRN4GBSE=/services?rwg_token=AE37R_gxHyOqAKzRmJcezeLu-kIu7rN7pDb2KEmRdf3ldUhedMdkPLyyDMDtdsAVVi-LRrKLNcMj2GcePhwRS8uiEhD4hvbPlA%3D%3D,vagaro.com,organic_top_results,NB-CZ-SERP_2026-09-03_segment_tanning_salons_columbus,2
2026-09-03,google_serp,serp,Columbus OH,tanning salons,What is the best tanning salon in Columbus OH?,https://app.squareup.com/appointments/book/22199599-c24f-4f19-a05c-d2215658d132/46TC3WX5WD1JA/start?rwg_token=AE37R_gFg-F8Cgcq5-MdAPKBrsvPaJlKGCWNl7P_jbQbYzJS7RXijcxFVP1dFv6jmGPlz4GyN8BxmFbcYzP2W8WT6tc_42ECjg%3D%3D,app.squareup.com,organic_top_results,NB-CZ-SERP_2026-09-03_segment_tanning_salons_columbus,3
2026-09-03,google_serp,serp,Pleasanton CA,tanning salons,What is the best tanning salon in Pleasanton CA?,https://www.vagaro.com/googlemap/U2FsdGVkX1~hdQqNHy1MuGhjRvc1je4Zcaum4KEj3fs=/services?rwg_token=AE37R_jwFkT64KuKui1GmEyAo1ntYWkfxrmA_vKyNMs5bmIMzjuxzXsyOCMczOevrua-rEU7c5gyk3mgRXB6XVdiu4liTjV5Fw%3D%3D,vagaro.com,organic_top_results,NB-CZ-SERP_2026-09-03_segment_tanning_salons_pleasanton,1
2026-09-03,google_serp,serp,Pleasanton CA,tanning salons,What is the best tanning salon in Pleasanton CA?,https://sheosalon.glossgenius.com/services?rwg_token=AE37R_jfiO8fRu-g2zaIcj5fr9u6SDJ3A7CRZBwUNxOC6U9OKAxxqEWs6jWlTBhQKlmV0ARHgu0tCIsvDplRjkG86JLNWVe9hw%3D%3D,sheosalon.glossgenius.com,organic_top_results,NB-CZ-SERP_2026-09-03_segment_tanning_salons_pleasanton,2
2026-09-03,google_serp,serp,Tyler TX,tanning salons,What is the best tanning salon in Tyler TX?,https://www.glotanning.com/location/tyler-tx/,glotanning.com,organic_top_results,NB-CZ-SERP_2026-09-03_segment_tanning_salons_tyler,1
2026-09-03,google_serp,serp,Tyler TX,tanning salons,What is the best tanning salon in Tyler TX?,https://palmbeachtan.com/locations/tx/tyler-south-broadway-avenue,palmbeachtan.com,organic_top_results,NB-CZ-SERP_2026-09-03_segment_tanning_salons_tyler,2
2026-09-03,google_serp,serp,Tyler TX,tanning salons,What is the best tanning salon in Tyler TX?,https://www.facebook.com/TTanningZone/,facebook.com,organic_top_results,NB-CZ-SERP_2026-09-03_segment_tanning_salons_tyler,3
2026-09-03,google_serp,serp,Tyler TX,tanning salons,What is the best tanning salon in Tyler TX?,https://tylertanning.com/,tylertanning.com,organic_top_results,NB-CZ-SERP_2026-09-03_segment_tanning_salons_tyler,4
2026-09-03,google_serp,serp,Tyler TX,tanning salons,What is the best tanning salon in Tyler TX?,https://www.yelp.com/search?find_desc=Spray+Tanning&find_loc=Tyler%2C+TX,yelp.com,organic_top_results,NB-CZ-SERP_2026-09-03_segment_tanning_salons_tyler,5
2026-09-03,google_serp,serp,Tyler TX,tanning salons,What is the best tanning salon in Tyler TX?,https://local.yahoo.com/info-18805792-the-tanning-zone-tyler/,local.yahoo.com,organic_top_results,NB-CZ-SERP_2026-09-03_segment_tanning_salons_tyler,6
2026-09-03,google_serp,serp,Tyler TX,tanning salons,What is the best tanning salon in Tyler TX?,https://www.facebook.com/groups/330312348908541/posts/767197751886663/,facebook.com,organic_top_results,NB-CZ-SERP_2026-09-03_segment_tanning_salons_tyler,7
2026-09-03,google_serp,serp,Tyler TX,tanning salons,What is the best tanning salon in Tyler TX?,https://www.facebook.com/groups/1413561266304056/posts/1548567869470061/,facebook.com,organic_top_results,NB-CZ-SERP_2026-09-03_segment_tanning_salons_tyler,8
2026-09-03,google_serp,serp,Tyler TX,tanning salons,What is the best tanning salon in Tyler TX?,https://trutan.com/,trutan.com,organic_top_results,NB-CZ-SERP_2026-09-03_segment_tanning_salons_tyler,9
2026-09-03,google_serp,serp,Tyler TX,tanning salons,What is the best tanning salon in Tyler TX?,https://www.facebook.com/letsglowgirls/,facebook.com,organic_top_results,NB-CZ-SERP_2026-09-03_segment_tanning_salons_tyler,10
2026-09-03,google_serp,serp,St. Peters MO,martial arts for kids,What is a good martial arts school for kids in St. Peters MO?,https://onyxgrappling.com/,onyxgrappling.com,organic_top_results,NB-CZ-SERP_2026-09-03_world_martial_arts_academy,1
2026-09-03,google_serp,serp,St. Peters MO,martial arts for kids,What is a good martial arts school for kids in St. Peters MO?,https://blackbeltstl.com/,blackbeltstl.com,organic_top_results,NB-CZ-SERP_2026-09-03_world_martial_arts_academy,2
2026-09-03,google_serp,serp,St. Peters MO,martial arts for kids,What is a good martial arts school for kids in St. Peters MO?,https://allstarkarate.com/,allstarkarate.com,organic_top_results,NB-CZ-SERP_2026-09-03_world_martial_arts_academy,3
2026-09-03,google_serp,serp,St. Peters MO,martial arts for kids,What is a good martial arts school for kids in St. Peters MO?,https://www.yelp.com/search?cflt=martialarts&find_loc=St+Peters%2C+Saint+Louis%2C+MO+63376,yelp.com,organic_top_results,NB-CZ-SERP_2026-09-03_world_martial_arts_academy,4
2026-09-03,google_serp,serp,St. Peters MO,martial arts for kids,What is a good martial arts school for kids in St. Peters MO?,https://lessons.com/mo/st-peters/self-defense-classes/,lessons.com,organic_top_results,NB-CZ-SERP_2026-09-03_world_martial_arts_academy,5
2026-09-03,google_serp,serp,St. Peters MO,martial arts for kids,What is a good martial arts school for kids in St. Peters MO?,https://www.kswstlouis.com/,kswstlouis.com,organic_top_results,NB-CZ-SERP_2026-09-03_world_martial_arts_academy,6
2026-09-03,google_serp,serp,St. Peters MO,martial arts for kids,What is a good martial arts school for kids in St. Peters MO?,https://www.facebook.com/groups/733553463659020/posts/2413313822349634/,facebook.com,organic_top_results,NB-CZ-SERP_2026-09-03_world_martial_arts_academy,7
2026-09-03,google_serp,serp,St. Peters MO,martial arts for kids,What is a good martial arts school for kids in St. Peters MO?,https://gbwestcounty.com/st-peters-mo-location/,gbwestcounty.com,organic_top_results,NB-CZ-SERP_2026-09-03_world_martial_arts_academy,8
2026-09-03,google_serp,serp,St. Peters MO,martial arts for kids,What is a good martial arts school for kids in St. Peters MO?,https://saintlouis.kidsoutandabout.com/content/martial-arts-schools-st-louis-area,saintlouis.kidsoutandabout.com,organic_top_results,NB-CZ-SERP_2026-09-03_world_martial_arts_academy,9
