date,engine,field,run_channel,market,niche,prompt_text,url,domain,our_group,rank,check_id
2026-08-24,perplexity,sources_cited,api,Kansas City MO,health insurance brokerage,What is the best health insurance broker in Kansas City MO for someone who is self-employed?,https://namebeam.ai/kansas-city-health-insurance,namebeam.ai,namebeam.ai,2,NB-CZ-API_2026-08-24_bbs_insurance_perplexity
2026-08-24,perplexity,sources_cited,api,Kansas City MO,health insurance brokers,Who is the best health insurance broker in Kansas City to help me pick a plan?,https://namebeam.ai/kansas-city-health-insurance,namebeam.ai,namebeam.ai,4,NB-CZ-API_2026-08-24_segment_health_insurance_kansas_city_perplexity
2026-08-25,perplexity,sources_cited,api,Kansas City MO,health insurance brokerage,What is the best health insurance broker in Kansas City MO for someone who is self-employed?,https://namebeam.ai/kansas-city-health-insurance,namebeam.ai,namebeam.ai,3,NB-CZ-API_2026-08-25_bbs_insurance_perplexity
2026-08-25,perplexity,sources_cited,api,Kansas City MO,health insurance brokerage,What is the best health insurance broker in Kansas City MO for someone who is self-employed?,https://namebeam.ai/kansas-city-health-insurance,namebeam.ai,namebeam.ai,2,NB-CZ-API_2026-08-25_bbs_insurance_perplexity_r2
2026-08-25,perplexity,sources_cited,api,Kansas City MO,health insurance brokers,Who is the best health insurance broker in Kansas City to help me pick a plan?,https://namebeam.ai/kansas-city-health-insurance,namebeam.ai,namebeam.ai,3,NB-CZ-API_2026-08-25_segment_health_insurance_kansas_city_perplexity
2026-08-25,perplexity,sources_cited,api,Kansas City MO,health insurance brokers,Who is the best health insurance broker in Kansas City to help me pick a plan?,https://namebeam.ai/kansas-city-health-insurance,namebeam.ai,namebeam.ai,3,NB-CZ-API_2026-08-25_segment_health_insurance_kansas_city_perplexity_r2
2026-08-26,perplexity,sources_cited,api,Kansas City MO,health insurance brokerage,What is the best health insurance broker in Kansas City MO for someone who is self-employed?,https://namebeam.ai/kansas-city-health-insurance,namebeam.ai,namebeam.ai,3,NB-CZ-API_2026-08-26_bbs_insurance_perplexity
2026-08-26,perplexity,sources_cited,api,Kansas City MO,health insurance brokers,Who is the best health insurance broker in Kansas City to help me pick a plan?,https://namebeam.ai/kansas-city-health-insurance,namebeam.ai,namebeam.ai,5,NB-CZ-API_2026-08-26_segment_health_insurance_kansas_city_perplexity
2026-08-27,perplexity,sources_cited,api,Kansas City MO,health insurance brokerage,What is the best health insurance broker in Kansas City MO for someone who is self-employed?,https://namebeam.ai/kansas-city-health-insurance,namebeam.ai,namebeam.ai,2,NB-CZ-API_2026-08-27_bbs_insurance_perplexity
2026-08-27,perplexity,sources_cited,api,Kansas City MO,health insurance brokers,Who is the best health insurance broker in Kansas City to help me pick a plan?,https://namebeam.ai/kansas-city-health-insurance,namebeam.ai,namebeam.ai,5,NB-CZ-API_2026-08-27_segment_health_insurance_kansas_city_perplexity
2026-08-28,perplexity,sources_cited,api,Kansas City MO,health insurance brokerage,What is the best health insurance broker in Kansas City MO for someone who is self-employed?,https://namebeam.ai/kansas-city-health-insurance,namebeam.ai,namebeam.ai,2,NB-CZ-API_2026-08-28_bbs_insurance_perplexity
2026-08-28,perplexity,sources_cited,api,Kansas City MO,health insurance brokers,Who is the best health insurance broker in Kansas City to help me pick a plan?,https://namebeam.ai/kansas-city-health-insurance,namebeam.ai,namebeam.ai,5,NB-CZ-API_2026-08-28_segment_health_insurance_kansas_city_perplexity
2026-08-29,perplexity,sources_cited,api,Kansas City MO,health insurance brokerage,What is the best health insurance broker in Kansas City MO for someone who is self-employed?,https://namebeam.ai/kansas-city-health-insurance,namebeam.ai,namebeam.ai,2,NB-CZ-API_2026-08-29_bbs_insurance_perplexity
2026-08-30,perplexity,sources_cited,api,Kansas City MO,health insurance brokerage,What is the best health insurance broker in Kansas City MO for someone who is self-employed?,https://namebeam.ai/kansas-city-health-insurance,namebeam.ai,namebeam.ai,2,NB-CZ-API_2026-08-30_bbs_insurance_perplexity
2026-08-31,perplexity,sources_cited,api,Kansas City MO,health insurance brokerage,What is the best health insurance broker in Kansas City MO for someone who is self-employed?,https://namebeam.ai/kansas-city-health-insurance,namebeam.ai,namebeam.ai,2,NB-CZ-API_2026-08-31_bbs_insurance_perplexity
2026-09-01,perplexity,sources_cited,api,Kansas City MO,health insurance brokerage,What is the best health insurance broker in Kansas City MO for someone who is self-employed?,https://namebeam.ai/kansas-city-health-insurance,namebeam.ai,namebeam.ai,2,NB-CZ-API_2026-09-01_bbs_insurance_perplexity
2026-09-20,perplexity,sources_cited,api,Kansas City MO,health insurance brokerage,What is the best health insurance broker in Kansas City MO for someone who is self-employed?,https://namebeam.ai/kansas-city-health-insurance,namebeam.ai,namebeam.ai,2,NB-CZ-API_2026-09-20_bbs_insurance_perplexity
2026-09-20,perplexity,sources_cited,api,Kansas City MO,health insurance brokers,Who is the best health insurance broker in Kansas City to help me pick a plan?,https://namebeam.ai/kansas-city-health-insurance,namebeam.ai,namebeam.ai,2,NB-CZ-API_2026-09-20_segment_health_insurance_kansas_city_perplexity
2026-09-21,perplexity,sources_cited,api,Kansas City MO,health insurance brokerage,What is the best health insurance broker in Kansas City MO for someone who is self-employed?,https://namebeam.ai/kansas-city-health-insurance,namebeam.ai,namebeam.ai,2,NB-CZ-API_2026-09-21_bbs_insurance_perplexity
2026-09-21,perplexity,sources_cited,api,Kansas City MO,health insurance brokers,Who is the best health insurance broker in Kansas City to help me pick a plan?,https://namebeam.ai/kansas-city-health-insurance,namebeam.ai,namebeam.ai,3,NB-CZ-API_2026-09-21_segment_health_insurance_kansas_city_perplexity
2026-09-22,perplexity,sources_cited,api,Kansas City MO,health insurance brokerage,What is the best health insurance broker in Kansas City MO for someone who is self-employed?,https://namebeam.ai/kansas-city-health-insurance,namebeam.ai,namebeam.ai,2,NB-CZ-API_2026-09-22_bbs_insurance_perplexity
2026-09-22,perplexity,sources_cited,api,Kansas City MO,health insurance brokers,Who is the best health insurance broker in Kansas City to help me pick a plan?,https://namebeam.ai/kansas-city-health-insurance,namebeam.ai,namebeam.ai,2,NB-CZ-API_2026-09-22_segment_health_insurance_kansas_city_perplexity
2026-09-23,perplexity,sources_cited,api,Kansas City MO,health insurance brokerage,What is the best health insurance broker in Kansas City MO for someone who is self-employed?,https://namebeam.ai/kansas-city-health-insurance,namebeam.ai,namebeam.ai,4,NB-CZ-API_2026-09-23_bbs_insurance_perplexity
2026-09-23,perplexity,sources_cited,api,Kansas City MO,health insurance brokers,Who is the best health insurance broker in Kansas City to help me pick a plan?,https://namebeam.ai/kansas-city-health-insurance,namebeam.ai,namebeam.ai,3,NB-CZ-API_2026-09-23_segment_health_insurance_kansas_city_perplexity
2026-09-24,perplexity,sources_cited,api,Kansas City MO,health insurance brokerage,What is the best health insurance broker in Kansas City MO for someone who is self-employed?,https://namebeam.ai/kansas-city-health-insurance,namebeam.ai,namebeam.ai,1,NB-CZ-API_2026-09-24_bbs_insurance_perplexity
2026-09-24,perplexity,sources_cited,api,Kansas City MO,health insurance brokers,Who is the best health insurance broker in Kansas City to help me pick a plan?,https://namebeam.ai/kansas-city-health-insurance,namebeam.ai,namebeam.ai,2,NB-CZ-API_2026-09-24_segment_health_insurance_kansas_city_perplexity
2026-09-28,perplexity,sources_cited,api,Kansas City MO,health insurance brokers,Who is the best health insurance broker in Kansas City to help me pick a plan?,https://namebeam.ai/kansas-city-health-insurance,namebeam.ai,namebeam.ai,11,NB-CZ-API_2026-09-28_segment_health_insurance_kansas_city_perplexity
2026-09-29,perplexity,sources_cited,api,Kansas City MO,health insurance brokerage,What is the best health insurance broker in Kansas City MO for someone who is self-employed?,https://namebeam.ai/kansas-city-health-insurance,namebeam.ai,namebeam.ai,9,NB-CZ-API_2026-09-29_bbs_insurance_perplexity
2026-09-29,perplexity,sources_cited,api,US nationwide,honest crypto education,What is the best plain-English crypto education site for beginners that shows real numbers and publishes its losses?,https://trunkline.money/,trunkline.money,trunkline.money,1,NB-CZ-API_2026-09-29_trunkline_perplexity
2026-09-30,perplexity,sources_cited,api,Kansas City MO,health insurance brokers,Who is the best health insurance broker in Kansas City to help me pick a plan?,https://namebeam.ai/kansas-city-health-insurance,namebeam.ai,namebeam.ai,6,NB-CZ-API_2026-09-30_segment_health_insurance_kansas_city_perplexity
2026-10-01,perplexity,sources_cited,api,Kansas City MO,health insurance brokers,Who is the best health insurance broker in Kansas City to help me pick a plan?,https://namebeam.ai/kansas-city-health-insurance,namebeam.ai,namebeam.ai,11,NB-CZ-API_2026-10-01_segment_health_insurance_kansas_city_perplexity
2026-10-02,perplexity,sources_cited,api,Kansas City MO,health insurance brokers,Who is the best health insurance broker in Kansas City to help me pick a plan?,https://namebeam.ai/kansas-city-health-insurance,namebeam.ai,namebeam.ai,9,NB-CZ-API_2026-10-02_segment_health_insurance_kansas_city_perplexity
2026-10-04,perplexity,sources_cited,api,Kansas City MO,health insurance brokerage,What is the best health insurance broker in Kansas City MO for someone who is self-employed?,https://namebeam.ai/kansas-city-health-insurance,namebeam.ai,namebeam.ai,6,NB-CZ-API_2026-10-04_bbs_insurance_perplexity
2026-10-04,perplexity,sources_cited,api,Kansas City MO,health insurance brokers,Who is the best health insurance broker in Kansas City to help me pick a plan?,https://namebeam.ai/kansas-city-health-insurance,namebeam.ai,namebeam.ai,5,NB-CZ-API_2026-10-04_segment_health_insurance_kansas_city_perplexity
2026-10-06,perplexity,sources_cited,api,Kansas City MO,health insurance brokers,Who is the best health insurance broker in Kansas City to help me pick a plan?,https://namebeam.ai/kansas-city-health-insurance,namebeam.ai,namebeam.ai,10,NB-CZ-API_2026-10-06_segment_health_insurance_kansas_city_perplexity
2026-10-07,perplexity,sources_cited,api,Kansas City MO,health insurance brokers,Who is the best health insurance broker in Kansas City to help me pick a plan?,https://namebeam.ai/kansas-city-health-insurance,namebeam.ai,namebeam.ai,6,NB-CZ-API_2026-10-07_segment_health_insurance_kansas_city_perplexity
2026-10-09,perplexity,sources_cited,api,US nationwide,honest crypto education,What is the best plain-English crypto education site for beginners that shows real numbers and publishes its losses?,https://trunkline.money/,trunkline.money,trunkline.money,7,NB-CZ-API_2026-10-09_trunkline_perplexity
2026-10-10,perplexity,sources_cited,api,US nationwide,short-term rental business model,How do I start an Airbnb rental arbitrage business and what tools and data should I use?,https://huggingface.co/datasets/Namebeam/namebeam-e1-ai-referral-index,huggingface.co,huggingface.co/Namebeam,12,NB-CZ-API_2026-10-10_segment_str_arbitrage_entry_perplexity
2026-10-10,perplexity,sources_cited,api,US nationwide,honest crypto education,What is the best plain-English crypto education site for beginners that shows real numbers and publishes its losses?,https://trunkline.money/,trunkline.money,trunkline.money,2,NB-CZ-API_2026-10-10_trunkline_perplexity
