date,phase,slug,kind,day_status,perplexity_answers_with_sources,answers_citing_page,url_rows,best_rank,answers_citing_data_json
2026-10-08,PUBLICATION-DAY,kansas-city-health-insurance,kc,OK,73,0,0,,0
2026-10-08,PUBLICATION-DAY,atlanta-hvac,city,OK,73,0,0,,0
2026-10-08,PUBLICATION-DAY,houston-hvac,city,OK,73,0,0,,0
2026-10-08,PUBLICATION-DAY,phoenix-hvac,city,OK,73,0,0,,0
2026-10-08,PUBLICATION-DAY,atlanta-personal-injury,city,OK,73,0,0,,0
2026-10-08,PUBLICATION-DAY,chicago-personal-injury,city,OK,73,0,0,,0
2026-10-08,PUBLICATION-DAY,dallas-personal-injury,city,OK,73,0,0,,0
2026-10-08,PUBLICATION-DAY,houston-personal-injury,city,OK,73,0,0,,0
2026-10-08,PUBLICATION-DAY,dallas-roofing,city,OK,73,0,0,,0
2026-10-08,PUBLICATION-DAY,denver-roofing,city,OK,73,0,0,,0
2026-10-08,PUBLICATION-DAY,miami-roofing,city,OK,73,0,0,,0
2026-10-08,PUBLICATION-DAY,pleasanton-oil-change,segment,OK,73,0,0,,0
2026-10-08,PUBLICATION-DAY,pleasanton-real-estate-agents,segment,OK,73,0,0,,0
2026-10-08,PUBLICATION-DAY,pleasanton-dentists,segment,OK,73,0,0,,0
2026-10-08,PUBLICATION-DAY,pleasanton-home-care,segment,OK,73,0,0,,0
2026-10-08,PUBLICATION-DAY,pleasanton-moving-companies,segment,OK,73,0,0,,0
2026-10-08,PUBLICATION-DAY,pleasanton-tire-shops,segment,OK,73,0,0,,0
2026-10-08,PUBLICATION-DAY,pleasanton-tanning-salons,segment,OK,73,0,0,,0
2026-10-08,PUBLICATION-DAY,columbus-tanning-salons,segment,OK,73,0,0,,0
2026-10-08,PUBLICATION-DAY,tyler-tanning-salons,segment,OK,73,0,0,,0
2026-10-08,PUBLICATION-DAY,charlotte-tanning-salons,segment,OK,73,0,0,,0
2026-10-08,PUBLICATION-DAY,branson-short-term-rental,segment,OK,73,0,0,,0
2026-10-08,PUBLICATION-DAY,nashville-short-term-rental,segment,OK,73,0,0,,0
2026-10-08,PUBLICATION-DAY,santa-cruz-short-term-rental,segment,OK,73,0,0,,0
2026-10-08,PUBLICATION-DAY,us-short-term-rental-software,segment,OK,73,0,0,,0
2026-10-08,PUBLICATION-DAY,us-short-term-rental-business-model,segment,OK,73,0,0,,0
2026-10-08,PUBLICATION-DAY,us-short-term-rental-booking-platforms,segment,OK,73,0,0,,0
2026-10-08,PUBLICATION-DAY,ai-name-record,hub,OK,73,0,0,,0
