date,slug,url,http_status,bytes,sha256_16,last_modified,error
2026-10-09,ai-name-record,https://namebeam.ai/ai-name-record,200,14606,8ffbea5d5032039f,,
2026-10-09,atlanta-hvac,https://namebeam.ai/atlanta-hvac,200,24514,50a05743ecc2f114,,
2026-10-09,atlanta-personal-injury,https://namebeam.ai/atlanta-personal-injury,200,24905,8043d4ff6386b5d7,,
2026-10-09,branson-short-term-rental,https://namebeam.ai/branson-short-term-rental,200,23819,1b0e93ac7288d13e,,
2026-10-09,charlotte-tanning-salons,https://namebeam.ai/charlotte-tanning-salons,200,23727,ab3fa18121693eda,,
2026-10-09,chicago-personal-injury,https://namebeam.ai/chicago-personal-injury,200,24928,6b040d2db7f49cc8,,
2026-10-09,columbus-tanning-salons,https://namebeam.ai/columbus-tanning-salons,200,23308,7e9e47daf6c8a4c2,,
2026-10-09,dallas-personal-injury,https://namebeam.ai/dallas-personal-injury,200,24847,4392d084b84c6bdc,,
2026-10-09,dallas-roofing,https://namebeam.ai/dallas-roofing,200,24542,928ce3e226a4c602,,
2026-10-09,denver-roofing,https://namebeam.ai/denver-roofing,200,24472,3223c68b7608f487,,
2026-10-09,houston-hvac,https://namebeam.ai/houston-hvac,200,24410,0fa2ed9bfa959107,,
2026-10-09,houston-personal-injury,https://namebeam.ai/houston-personal-injury,200,24351,8ffc81188e51393e,,
2026-10-09,kansas-city-health-insurance,https://namebeam.ai/kansas-city-health-insurance,200,26474,58bfce5d928da6c8,,
2026-10-09,miami-roofing,https://namebeam.ai/miami-roofing,200,24740,f4463a119c89d442,,
2026-10-09,nashville-short-term-rental,https://namebeam.ai/nashville-short-term-rental,200,21844,152839ce3073e15d,,
2026-10-09,phoenix-hvac,https://namebeam.ai/phoenix-hvac,200,24314,29cc3447dceb08d9,,
2026-10-09,pleasanton-dentists,https://namebeam.ai/pleasanton-dentists,200,24264,b0abf54753e0066e,,
2026-10-09,pleasanton-home-care,https://namebeam.ai/pleasanton-home-care,200,24113,e9f11cd6d0a67c9d,,
2026-10-09,pleasanton-moving-companies,https://namebeam.ai/pleasanton-moving-companies,200,23559,4e5ebc9b39070089,,
2026-10-09,pleasanton-oil-change,https://namebeam.ai/pleasanton-oil-change,200,24038,5650b91debc99ccd,,
2026-10-09,pleasanton-real-estate-agents,https://namebeam.ai/pleasanton-real-estate-agents,200,23964,53ab4578d0df5372,,
2026-10-09,pleasanton-tanning-salons,https://namebeam.ai/pleasanton-tanning-salons,200,23463,595aa6cc1852098b,,
2026-10-09,pleasanton-tire-shops,https://namebeam.ai/pleasanton-tire-shops,200,22952,1f97a65b6783b0f9,,
2026-10-09,santa-cruz-short-term-rental,https://namebeam.ai/santa-cruz-short-term-rental,200,22350,a02c2f4247fe27b3,,
2026-10-09,tyler-tanning-salons,https://namebeam.ai/tyler-tanning-salons,200,21595,05b05a4d4248dfcb,,
2026-10-09,us-short-term-rental-booking-platforms,https://namebeam.ai/us-short-term-rental-booking-platforms,200,21180,2b3e15dee186a7c1,,
2026-10-09,us-short-term-rental-business-model,https://namebeam.ai/us-short-term-rental-business-model,200,21625,842fd203f13db91c,,
2026-10-09,us-short-term-rental-software,https://namebeam.ai/us-short-term-rental-software,200,22340,6ddc4e0d8cbffc58,,
2026-10-10,ai-name-record,https://namebeam.ai/ai-name-record,200,14239,478645fc1301e490,,
2026-10-10,atlanta-hvac,https://namebeam.ai/atlanta-hvac,200,24147,ed933ec2ce2135f8,,
2026-10-10,atlanta-personal-injury,https://namebeam.ai/atlanta-personal-injury,200,24554,729367b2ae603301,,
2026-10-10,branson-short-term-rental,https://namebeam.ai/branson-short-term-rental,200,23456,bc15ad36341c4968,,
2026-10-10,charlotte-tanning-salons,https://namebeam.ai/charlotte-tanning-salons,200,23381,b6bc3de17cbc3766,,
2026-10-10,chicago-personal-injury,https://namebeam.ai/chicago-personal-injury,200,24561,2cb5207b9077d344,,
2026-10-10,columbus-tanning-salons,https://namebeam.ai/columbus-tanning-salons,200,22737,2ae288c6f425016c,,
2026-10-10,dallas-personal-injury,https://namebeam.ai/dallas-personal-injury,200,24483,e28a8fdf62111330,,
2026-10-10,dallas-roofing,https://namebeam.ai/dallas-roofing,200,24172,214100abab5f0876,,
2026-10-10,denver-roofing,https://namebeam.ai/denver-roofing,200,24093,5c8d1b8edbc51134,,
2026-10-10,houston-hvac,https://namebeam.ai/houston-hvac,200,24092,168b4d5beab7774a,,
2026-10-10,houston-personal-injury,https://namebeam.ai/houston-personal-injury,200,23984,1ad3a4afcd814204,,
2026-10-10,kansas-city-health-insurance,https://namebeam.ai/kansas-city-health-insurance,200,26105,99c88e92b336ec49,,
2026-10-10,miami-roofing,https://namebeam.ai/miami-roofing,200,24373,eb7062101d5f405e,,
2026-10-10,nashville-short-term-rental,https://namebeam.ai/nashville-short-term-rental,200,21480,867750165255dabc,,
2026-10-10,phoenix-hvac,https://namebeam.ai/phoenix-hvac,200,23947,f8d9bda464fd14bc,,
2026-10-10,pleasanton-dentists,https://namebeam.ai/pleasanton-dentists,200,23886,a63e5688497419cf,,
2026-10-10,pleasanton-home-care,https://namebeam.ai/pleasanton-home-care,200,23746,d162b97ebe6bf7bf,,
2026-10-10,pleasanton-moving-companies,https://namebeam.ai/pleasanton-moving-companies,200,23192,2c9119ceba0c826b,,
2026-10-10,pleasanton-oil-change,https://namebeam.ai/pleasanton-oil-change,200,23671,03b9f151b054f65f,,
2026-10-10,pleasanton-real-estate-agents,https://namebeam.ai/pleasanton-real-estate-agents,200,23593,ebdf1d1ffcda14e2,,
2026-10-10,pleasanton-tanning-salons,https://namebeam.ai/pleasanton-tanning-salons,200,23096,3b928115681bd61d,,
2026-10-10,pleasanton-tire-shops,https://namebeam.ai/pleasanton-tire-shops,200,22585,9cb66a2175986954,,
2026-10-10,santa-cruz-short-term-rental,https://namebeam.ai/santa-cruz-short-term-rental,200,21983,e616ffd5540ea71e,,
2026-10-10,tyler-tanning-salons,https://namebeam.ai/tyler-tanning-salons,200,21228,dc54155f2d0c7e46,,
2026-10-10,us-short-term-rental-booking-platforms,https://namebeam.ai/us-short-term-rental-booking-platforms,200,20813,4fef1c328c09411e,,
2026-10-10,us-short-term-rental-business-model,https://namebeam.ai/us-short-term-rental-business-model,200,21258,02ef906a430dd04a,,
2026-10-10,us-short-term-rental-software,https://namebeam.ai/us-short-term-rental-software,200,21966,e1ce80db1a1c270c,,
