as_of,window,window_calendar_days,days_with_data,slug,kind,perplexity_answers_with_sources,own_question_answers,answers_citing_page,url_rows,answers_citing_data_json
2026-10-09,7d,7,1,kansas-city-health-insurance,kc,73,2,0,0,0
2026-10-09,7d,7,1,atlanta-hvac,city,73,1,0,0,0
2026-10-09,7d,7,1,houston-hvac,city,73,1,0,0,0
2026-10-09,7d,7,1,phoenix-hvac,city,73,1,0,0,0
2026-10-09,7d,7,1,atlanta-personal-injury,city,73,1,0,0,0
2026-10-09,7d,7,1,chicago-personal-injury,city,73,1,0,0,0
2026-10-09,7d,7,1,dallas-personal-injury,city,73,1,0,0,0
2026-10-09,7d,7,1,houston-personal-injury,city,73,1,0,0,0
2026-10-09,7d,7,1,dallas-roofing,city,73,1,0,0,0
2026-10-09,7d,7,1,denver-roofing,city,73,1,0,0,0
2026-10-09,7d,7,1,miami-roofing,city,73,1,0,0,0
2026-10-09,7d,7,1,pleasanton-oil-change,segment,73,1,0,0,0
2026-10-09,7d,7,1,pleasanton-real-estate-agents,segment,73,1,0,0,0
2026-10-09,7d,7,1,pleasanton-dentists,segment,73,1,0,0,0
2026-10-09,7d,7,1,pleasanton-home-care,segment,73,1,0,0,0
2026-10-09,7d,7,1,pleasanton-moving-companies,segment,73,1,0,0,0
2026-10-09,7d,7,1,pleasanton-tire-shops,segment,73,1,0,0,0
2026-10-09,7d,7,1,pleasanton-tanning-salons,segment,73,1,0,0,0
2026-10-09,7d,7,1,columbus-tanning-salons,segment,73,1,0,0,0
2026-10-09,7d,7,1,tyler-tanning-salons,segment,73,1,0,0,0
2026-10-09,7d,7,1,charlotte-tanning-salons,segment,73,1,0,0,0
2026-10-09,7d,7,1,branson-short-term-rental,segment,73,1,0,0,0
2026-10-09,7d,7,1,nashville-short-term-rental,segment,73,1,0,0,0
2026-10-09,7d,7,1,santa-cruz-short-term-rental,segment,73,1,0,0,0
2026-10-09,7d,7,1,us-short-term-rental-software,segment,73,1,0,0,0
2026-10-09,7d,7,1,us-short-term-rental-business-model,segment,73,1,0,0,0
2026-10-09,7d,7,1,us-short-term-rental-booking-platforms,segment,73,1,0,0,0
2026-10-09,7d,7,1,ai-name-record,hub,73,,0,0,0
2026-10-09,since_watch,1,1,kansas-city-health-insurance,kc,73,2,0,0,0
2026-10-09,since_watch,1,1,atlanta-hvac,city,73,1,0,0,0
2026-10-09,since_watch,1,1,houston-hvac,city,73,1,0,0,0
2026-10-09,since_watch,1,1,phoenix-hvac,city,73,1,0,0,0
2026-10-09,since_watch,1,1,atlanta-personal-injury,city,73,1,0,0,0
2026-10-09,since_watch,1,1,chicago-personal-injury,city,73,1,0,0,0
2026-10-09,since_watch,1,1,dallas-personal-injury,city,73,1,0,0,0
2026-10-09,since_watch,1,1,houston-personal-injury,city,73,1,0,0,0
2026-10-09,since_watch,1,1,dallas-roofing,city,73,1,0,0,0
2026-10-09,since_watch,1,1,denver-roofing,city,73,1,0,0,0
2026-10-09,since_watch,1,1,miami-roofing,city,73,1,0,0,0
2026-10-09,since_watch,1,1,pleasanton-oil-change,segment,73,1,0,0,0
2026-10-09,since_watch,1,1,pleasanton-real-estate-agents,segment,73,1,0,0,0
2026-10-09,since_watch,1,1,pleasanton-dentists,segment,73,1,0,0,0
2026-10-09,since_watch,1,1,pleasanton-home-care,segment,73,1,0,0,0
2026-10-09,since_watch,1,1,pleasanton-moving-companies,segment,73,1,0,0,0
2026-10-09,since_watch,1,1,pleasanton-tire-shops,segment,73,1,0,0,0
2026-10-09,since_watch,1,1,pleasanton-tanning-salons,segment,73,1,0,0,0
2026-10-09,since_watch,1,1,columbus-tanning-salons,segment,73,1,0,0,0
2026-10-09,since_watch,1,1,tyler-tanning-salons,segment,73,1,0,0,0
2026-10-09,since_watch,1,1,charlotte-tanning-salons,segment,73,1,0,0,0
2026-10-09,since_watch,1,1,branson-short-term-rental,segment,73,1,0,0,0
2026-10-09,since_watch,1,1,nashville-short-term-rental,segment,73,1,0,0,0
2026-10-09,since_watch,1,1,santa-cruz-short-term-rental,segment,73,1,0,0,0
2026-10-09,since_watch,1,1,us-short-term-rental-software,segment,73,1,0,0,0
2026-10-09,since_watch,1,1,us-short-term-rental-business-model,segment,73,1,0,0,0
2026-10-09,since_watch,1,1,us-short-term-rental-booking-platforms,segment,73,1,0,0,0
2026-10-09,since_watch,1,1,ai-name-record,hub,73,,0,0,0
2026-10-10,7d,7,2,kansas-city-health-insurance,kc,146,4,0,0,0
2026-10-10,7d,7,2,atlanta-hvac,city,146,2,0,0,0
2026-10-10,7d,7,2,houston-hvac,city,146,2,0,0,0
2026-10-10,7d,7,2,phoenix-hvac,city,146,2,0,0,0
2026-10-10,7d,7,2,atlanta-personal-injury,city,146,2,0,0,0
2026-10-10,7d,7,2,chicago-personal-injury,city,146,2,0,0,0
2026-10-10,7d,7,2,dallas-personal-injury,city,146,2,0,0,0
2026-10-10,7d,7,2,houston-personal-injury,city,146,2,0,0,0
2026-10-10,7d,7,2,dallas-roofing,city,146,2,0,0,0
2026-10-10,7d,7,2,denver-roofing,city,146,2,0,0,0
2026-10-10,7d,7,2,miami-roofing,city,146,2,0,0,0
2026-10-10,7d,7,2,pleasanton-oil-change,segment,146,2,0,0,0
2026-10-10,7d,7,2,pleasanton-real-estate-agents,segment,146,2,0,0,0
2026-10-10,7d,7,2,pleasanton-dentists,segment,146,2,0,0,0
2026-10-10,7d,7,2,pleasanton-home-care,segment,146,2,0,0,0
2026-10-10,7d,7,2,pleasanton-moving-companies,segment,146,2,0,0,0
2026-10-10,7d,7,2,pleasanton-tire-shops,segment,146,2,0,0,0
2026-10-10,7d,7,2,pleasanton-tanning-salons,segment,146,2,0,0,0
2026-10-10,7d,7,2,columbus-tanning-salons,segment,146,2,0,0,0
2026-10-10,7d,7,2,tyler-tanning-salons,segment,146,2,0,0,0
2026-10-10,7d,7,2,charlotte-tanning-salons,segment,146,2,0,0,0
2026-10-10,7d,7,2,branson-short-term-rental,segment,146,2,0,0,0
2026-10-10,7d,7,2,nashville-short-term-rental,segment,146,2,0,0,0
2026-10-10,7d,7,2,santa-cruz-short-term-rental,segment,146,2,0,0,0
2026-10-10,7d,7,2,us-short-term-rental-software,segment,146,2,0,0,0
2026-10-10,7d,7,2,us-short-term-rental-business-model,segment,146,2,0,0,0
2026-10-10,7d,7,2,us-short-term-rental-booking-platforms,segment,146,2,0,0,0
2026-10-10,7d,7,2,ai-name-record,hub,146,,0,0,0
2026-10-10,since_watch,2,2,kansas-city-health-insurance,kc,146,4,0,0,0
2026-10-10,since_watch,2,2,atlanta-hvac,city,146,2,0,0,0
2026-10-10,since_watch,2,2,houston-hvac,city,146,2,0,0,0
2026-10-10,since_watch,2,2,phoenix-hvac,city,146,2,0,0,0
2026-10-10,since_watch,2,2,atlanta-personal-injury,city,146,2,0,0,0
2026-10-10,since_watch,2,2,chicago-personal-injury,city,146,2,0,0,0
2026-10-10,since_watch,2,2,dallas-personal-injury,city,146,2,0,0,0
2026-10-10,since_watch,2,2,houston-personal-injury,city,146,2,0,0,0
2026-10-10,since_watch,2,2,dallas-roofing,city,146,2,0,0,0
2026-10-10,since_watch,2,2,denver-roofing,city,146,2,0,0,0
2026-10-10,since_watch,2,2,miami-roofing,city,146,2,0,0,0
2026-10-10,since_watch,2,2,pleasanton-oil-change,segment,146,2,0,0,0
2026-10-10,since_watch,2,2,pleasanton-real-estate-agents,segment,146,2,0,0,0
2026-10-10,since_watch,2,2,pleasanton-dentists,segment,146,2,0,0,0
2026-10-10,since_watch,2,2,pleasanton-home-care,segment,146,2,0,0,0
2026-10-10,since_watch,2,2,pleasanton-moving-companies,segment,146,2,0,0,0
2026-10-10,since_watch,2,2,pleasanton-tire-shops,segment,146,2,0,0,0
2026-10-10,since_watch,2,2,pleasanton-tanning-salons,segment,146,2,0,0,0
2026-10-10,since_watch,2,2,columbus-tanning-salons,segment,146,2,0,0,0
2026-10-10,since_watch,2,2,tyler-tanning-salons,segment,146,2,0,0,0
2026-10-10,since_watch,2,2,charlotte-tanning-salons,segment,146,2,0,0,0
2026-10-10,since_watch,2,2,branson-short-term-rental,segment,146,2,0,0,0
2026-10-10,since_watch,2,2,nashville-short-term-rental,segment,146,2,0,0,0
2026-10-10,since_watch,2,2,santa-cruz-short-term-rental,segment,146,2,0,0,0
2026-10-10,since_watch,2,2,us-short-term-rental-software,segment,146,2,0,0,0
2026-10-10,since_watch,2,2,us-short-term-rental-business-model,segment,146,2,0,0,0
2026-10-10,since_watch,2,2,us-short-term-rental-booking-platforms,segment,146,2,0,0,0
2026-10-10,since_watch,2,2,ai-name-record,hub,146,,0,0,0
